{"stats":{"minecraft:killed":{"naturalist:snail":2,"minecraft:stray":1},"minecraft:mined":{"minecraft:grass":2,"minecraft:grass_block":1,"minecraft:brown_mushroom":5,"minecraft:dirt":1,"minecraft:sweet_berry_bush":18,"minecraft:spruce_leaves":1,"minecraft:spruce_log":14},"minecraft:used":{"minecraft:salmon":1,"minecraft:sweet_berries":14},"minecraft:picked_up":{"minecraft:tipped_arrow":2,"minecraft:salmon":1,"minecraft:arrow":4,"minecraft:bone":4,"minecraft:sweet_berries":37,"minecraft:slime_ball":1,"minecraft:brown_mushroom":10,"minecraft:spruce_log":28,"naturalist:snail_shell":2,"minecraft:dirt":4},"minecraft:custom":{"minecraft:time_since_rest":8225,"minecraft:deaths":1,"minecraft:crouch_one_cm":85,"minecraft:sprint_one_cm":89326,"minecraft:play_time":22056,"minecraft:damage_taken":270,"minecraft:walk_one_cm":80022,"minecraft:sneak_time":12,"minecraft:walk_under_water_one_cm":2752,"minecraft:mob_kills":3,"minecraft:jump":266,"minecraft:damage_dealt":251,"minecraft:walk_on_water_one_cm":4941,"minecraft:leave_game":1,"minecraft:time_since_death":8113,"minecraft:total_world_time":22056,"minecraft:swim_one_cm":23024,"minecraft:fall_one_cm":2717,"minecraft:fly_one_cm":12887}},"DataVersion":3465}