{"stats":{"minecraft:used":{"minecraft:armor_stand":3,"minecraft:spruce_planks":5,"minecraft:shield":3,"minecraft:iron_sword":23,"minecraft:cooked_chicken":3,"minecraft:torch":4,"minecraft:tuff":6,"minecraft:spruce_boat":3,"minecraft:sweet_berries":24,"minecraft:goat_horn":3,"minecraft:cooked_beef":6,"minecraft:cobbled_deepslate":48,"minecraft:enchanted_golden_apple":1,"naturalist:duck_egg":1,"minecraft:salmon":3,"minecraft:golden_apple":1,"minecraft:crafting_table":1,"minecraft:crossbow":16,"minecraft:spruce_log":4,"minecraft:bread":3,"minecraft:iron_pickaxe":124,"minecraft:cobblestone":7,"minecraft:andesite":13,"minecraft:yellow_bed":11,"minecraft:experience_bottle":6},"minecraft:custom":{"minecraft:mob_kills":18,"minecraft:interact_with_crafting_table":7,"minecraft:interact_with_campfire":24,"minecraft:eat_cake_slice":2,"minecraft:leave_game":1,"minecraft:time_since_death":28053,"minecraft:climb_one_cm":4530,"minecraft:damage_resisted":20,"minecraft:sprint_one_cm":192943,"minecraft:walk_one_cm":619156,"minecraft:damage_blocked_by_shield":30,"minecraft:drop":110,"minecraft:play_time":206410,"minecraft:deaths":2,"minecraft:sneak_time":94,"minecraft:walk_under_water_one_cm":14295,"minecraft:boat_one_cm":1077478,"minecraft:jump":1209,"minecraft:walk_on_water_one_cm":36017,"minecraft:total_world_time":206410,"minecraft:interact_with_furnace":6,"minecraft:sleep_in_bed":9,"minecraft:time_since_rest":28199,"minecraft:damage_taken":1692,"minecraft:damage_absorbed":40,"minecraft:trigger_trapped_chest":4,"minecraft:damage_dealt":1009,"minecraft:swim_one_cm":54862,"minecraft:fly_one_cm":52103,"minecraft:open_chest":39,"minecraft:crouch_one_cm":592,"minecraft:interact_with_smoker":5,"minecraft:fall_one_cm":17805},"minecraft:killed":{"minecraft:spider":1,"naturalist:snail":4,"minecraft:skeleton":1,"minecraft:chicken":1,"minecraft:sheep":6,"minecraft:zombie":1,"minecraft:stray":1,"minecraft:cow":2},"minecraft:dropped":{"minecraft:iron_sword":2,"minecraft:brown_mushroom":5,"minecraft:moss_block":2,"naturalist:snail_shell":4,"minecraft:wheat_seeds":10,"minecraft:diamond":4,"minecraft:crafting_table":1,"minecraft:feather":1,"minecraft:leather":1,"minecraft:item_frame":14,"minecraft:stick":11,"minecraft:emerald":4,"minecraft:dirt":15,"minecraft:black_candle":2,"minecraft:torch":3,"beachparty:rubber_ring_pelican":2,"minecraft:writable_book":1,"minecraft:sugar":3,"minecraft:bucket":1,"minecraft:tripwire_hook":5,"minecraft:white_wool":6,"minecraft:bone":6,"minecraft:armor_stand":3,"naturalist:duck_egg":1,"minecraft:sweet_berries":5,"minecraft:goat_horn":2,"minecraft:cooked_chicken":1,"minecraft:cocoa_beans":4,"minecraft:wheat":2,"minecraft:rotten_flesh":8,"minecraft:salmon":2,"minecraft:leather_chestplate":1,"minecraft:spruce_boat":1,"minecraft:tipped_arrow":6,"minecraft:yellow_bed":2,"minecraft:spruce_log":6,"minecraft:slime_ball":2,"minecraft:arrow":10,"minecraft:acacia_fence":2},"minecraft:picked_up":{"minecraft:crafting_table":4,"minecraft:wheat":2,"minecraft:chicken":2,"minecraft:brown_mushroom":10,"minecraft:cooked_rabbit":6,"minecraft:shield":1,"minecraft:iron_leggings":1,"minecraft:armor_stand":6,"minecraft:item_frame":18,"minecraft:experience_bottle":2,"minecraft:cobbled_deepslate":52,"minecraft:spruce_planks":5,"minecraft:beef":3,"minecraft:iron_pickaxe":1,"minecraft:tipped_arrow":8,"minecraft:stick":11,"minecraft:raw_iron":7,"minecraft:acacia_fence":2,"minecraft:torch":10,"minecraft:golden_chestplate":1,"minecraft:goat_horn":1,"minecraft:arrow":12,"minecraft:rotten_flesh":10,"minecraft:hay_block":31,"minecraft:gold_ingot":5,"minecraft:mutton":8,"minecraft:white_wool":6,"minecraft:cobblestone":9,"minecraft:leather_chestplate":1,"minecraft:feather":1,"minecraft:cooked_beef":6,"minecraft:andesite":22,"minecraft:salmon":2,"minecraft:tripwire_hook":5,"minecraft:leather":4,"minecraft:tuff":8,"minecraft:golden_boots":1,"minecraft:yellow_bed":14,"minecraft:lapis_lazuli":20,"minecraft:dirt":17,"minecraft:cooked_mutton":11,"minecraft:bone":11,"minecraft:apple":1,"minecraft:wheat_seeds":10,"minecraft:raw_gold":9,"minecraft:iron_ingot":10,"minecraft:cooked_chicken":5,"minecraft:rabbit":2,"minecraft:moss_block":2,"naturalist:snail_shell":5,"minecraft:iron_sword":3,"minecraft:black_candle":2,"minecraft:cooked_porkchop":6,"minecraft:sweet_berries":37,"minecraft:spruce_log":37,"naturalist:duck_egg":2,"beachparty:rubber_ring_pelican":2,"minecraft:slime_ball":3,"minecraft:spruce_boat":3,"minecraft:diamond":4,"minecraft:granite":2,"minecraft:bread":41,"minecraft:emerald":8},"minecraft:killed_by":{"naturalist:rattlesnake":1},"minecraft:crafted":{"minecraft:cooked_chicken":2,"minecraft:cooked_mutton":8,"minecraft:spruce_boat":1,"minecraft:cooked_rabbit":1,"minecraft:wheat":279,"minecraft:cooked_beef":3,"minecraft:spruce_planks":52,"minecraft:baked_potato":28,"minecraft:bread":103},"minecraft:mined":{"minecraft:tuff":6,"minecraft:spruce_planks":5,"minecraft:black_candle_cake":1,"minecraft:grass_block":4,"minecraft:decorated_pot":1,"minecraft:spruce_leaves":1,"minecraft:red_stained_glass_pane":2,"minecraft:hay_block":36,"minecraft:iron_ore":6,"minecraft:cobbled_deepslate":12,"minecraft:andesite":17,"minecraft:packed_ice":9,"minecraft:stone":6,"minecraft:cake":1,"minecraft:brown_mushroom":5,"minecraft:crafting_table":2,"minecraft:torch":3,"minecraft:tall_grass":9,"minecraft:cobblestone":4,"minecraft:wall_torch":2,"ecologics:seashell":1,"minecraft:sweet_berry_bush":21,"minecraft:wheat":2,"minecraft:spruce_log":18,"minecraft:yellow_bed":11,"minecraft:grass":32,"minecraft:acacia_fence":1,"minecraft:dirt":1,"minecraft:tripwire_hook":1,"minecraft:gold_ore":9,"minecraft:deepslate":36},"minecraft:broken":{"minecraft:iron_pickaxe":1}},"DataVersion":3465}