{"stats":{"minecraft:used":{"minecraft:salmon":1,"minecraft:sweet_berries":24,"minecraft:crossbow":1,"minecraft:cooked_beef":1,"minecraft:spruce_log":4},"minecraft:custom":{"minecraft:time_since_rest":18579,"minecraft:sprint_one_cm":89588,"minecraft:damage_taken":510,"minecraft:walk_one_cm":112882,"minecraft:mob_kills":3,"minecraft:drop":9,"minecraft:damage_dealt":251,"minecraft:swim_one_cm":23024,"minecraft:fly_one_cm":13347,"minecraft:open_chest":5,"minecraft:crouch_one_cm":85,"minecraft:play_time":32410,"minecraft:deaths":1,"minecraft:sneak_time":12,"minecraft:walk_under_water_one_cm":3327,"minecraft:jump":345,"minecraft:leave_game":1,"minecraft:walk_on_water_one_cm":6923,"minecraft:time_since_death":18467,"minecraft:interact_with_smoker":4,"minecraft:climb_one_cm":3034,"minecraft:total_world_time":32410,"minecraft:fall_one_cm":5599},"minecraft:dropped":{"minecraft:sweet_berries":5,"minecraft:tipped_arrow":1,"minecraft:spruce_log":6},"minecraft:killed":{"naturalist:snail":2,"minecraft:stray":1},"minecraft:picked_up":{"minecraft:tipped_arrow":3,"minecraft:black_candle":1,"minecraft:cooked_beef":6,"minecraft:tripwire_hook":1,"minecraft:sweet_berries":37,"minecraft:salmon":1,"minecraft:brown_mushroom":10,"minecraft:torch":1,"minecraft:yellow_bed":1,"minecraft:spruce_log":37,"minecraft:dirt":4,"minecraft:bone":4,"minecraft:arrow":4,"minecraft:slime_ball":1,"naturalist:snail_shell":2},"minecraft:mined":{"minecraft:brown_mushroom":5,"minecraft:black_candle_cake":1,"minecraft:sweet_berry_bush":21,"minecraft:spruce_log":18,"minecraft:grass":2,"minecraft:grass_block":1,"minecraft:dirt":1,"minecraft:tripwire_hook":1,"minecraft:spruce_leaves":1,"minecraft:wall_torch":1,"minecraft:red_stained_glass_pane":2}},"DataVersion":3465}