{"stats":{"minecraft:used":{"minecraft:armor_stand":3,"minecraft:spruce_planks":5,"minecraft:iron_sword":23,"minecraft:cooked_chicken":3,"naturalist:duck_egg":1,"minecraft:salmon":3,"minecraft:crafting_table":1,"minecraft:crossbow":16,"minecraft:spruce_log":4,"minecraft:spruce_boat":3,"minecraft:iron_pickaxe":5,"minecraft:sweet_berries":24,"minecraft:goat_horn":3,"minecraft:andesite":2,"minecraft:yellow_bed":11,"minecraft:cooked_beef":6,"minecraft:cobbled_deepslate":1,"minecraft:experience_bottle":6},"minecraft:custom":{"minecraft:interact_with_furnace":6,"minecraft:mob_kills":16,"minecraft:interact_with_crafting_table":6,"minecraft:interact_with_campfire":24,"minecraft:eat_cake_slice":2,"minecraft:leave_game":1,"minecraft:time_since_death":4053,"minecraft:sleep_in_bed":9,"minecraft:climb_one_cm":4530,"minecraft:time_since_rest":4199,"minecraft:sprint_one_cm":192738,"minecraft:damage_taken":1207,"minecraft:walk_one_cm":517304,"minecraft:trigger_trapped_chest":4,"minecraft:drop":108,"minecraft:damage_dealt":653,"minecraft:swim_one_cm":54862,"minecraft:fly_one_cm":50625,"minecraft:open_chest":39,"minecraft:crouch_one_cm":592,"minecraft:play_time":182410,"minecraft:walk_under_water_one_cm":14295,"minecraft:deaths":2,"minecraft:sneak_time":94,"minecraft:boat_one_cm":1077478,"minecraft:jump":883,"minecraft:walk_on_water_one_cm":36017,"minecraft:total_world_time":182410,"minecraft:interact_with_smoker":5,"minecraft:fall_one_cm":15703},"minecraft:killed":{"naturalist:snail":4,"minecraft:sheep":6,"minecraft:zombie":1,"minecraft:chicken":1,"minecraft:stray":1,"minecraft:cow":2},"minecraft:dropped":{"naturalist:duck_egg":1,"minecraft:moss_block":2,"minecraft:iron_sword":2,"minecraft:brown_mushroom":5,"minecraft:goat_horn":2,"minecraft:sweet_berries":5,"minecraft:wheat_seeds":10,"naturalist:snail_shell":4,"minecraft:cooked_chicken":1,"minecraft:cocoa_beans":4,"minecraft:diamond":4,"minecraft:crafting_table":1,"minecraft:wheat":2,"minecraft:feather":1,"minecraft:rotten_flesh":8,"minecraft:leather":1,"minecraft:salmon":2,"minecraft:item_frame":14,"minecraft:stick":11,"minecraft:emerald":4,"minecraft:leather_chestplate":1,"minecraft:dirt":15,"minecraft:tipped_arrow":6,"minecraft:spruce_boat":1,"minecraft:black_candle":2,"minecraft:torch":1,"minecraft:yellow_bed":2,"beachparty:rubber_ring_pelican":2,"minecraft:writable_book":1,"minecraft:slime_ball":2,"minecraft:spruce_log":6,"minecraft:arrow":10,"minecraft:sugar":3,"minecraft:acacia_fence":2,"minecraft:white_wool":6,"minecraft:tripwire_hook":5,"minecraft:bucket":1,"minecraft:armor_stand":3,"minecraft:bone":6},"minecraft:picked_up":{"minecraft:wheat":2,"minecraft:leather_chestplate":1,"minecraft:crafting_table":3,"minecraft:feather":1,"minecraft:cooked_beef":6,"minecraft:chicken":2,"minecraft:tripwire_hook":5,"minecraft:salmon":2,"minecraft:leather":4,"minecraft:brown_mushroom":10,"minecraft:cooked_rabbit":6,"minecraft:tuff":4,"minecraft:golden_boots":1,"minecraft:yellow_bed":14,"minecraft:dirt":17,"minecraft:iron_leggings":1,"minecraft:item_frame":18,"minecraft:cooked_mutton":11,"minecraft:armor_stand":6,"minecraft:experience_bottle":2,"minecraft:bone":11,"minecraft:apple":1,"minecraft:wheat_seeds":10,"minecraft:cobbled_deepslate":1,"minecraft:spruce_planks":5,"minecraft:iron_ingot":10,"minecraft:beef":3,"minecraft:cooked_chicken":5,"minecraft:iron_pickaxe":1,"minecraft:rabbit":2,"minecraft:moss_block":2,"naturalist:snail_shell":5,"minecraft:iron_sword":3,"minecraft:tipped_arrow":8,"minecraft:stick":11,"minecraft:black_candle":2,"minecraft:acacia_fence":2,"minecraft:cooked_porkchop":6,"minecraft:sweet_berries":37,"minecraft:torch":4,"minecraft:spruce_log":37,"naturalist:duck_egg":2,"minecraft:golden_chestplate":1,"minecraft:goat_horn":1,"beachparty:rubber_ring_pelican":2,"minecraft:arrow":12,"minecraft:rotten_flesh":8,"minecraft:slime_ball":3,"minecraft:diamond":4,"minecraft:spruce_boat":3,"minecraft:hay_block":31,"minecraft:emerald":8,"minecraft:gold_ingot":5,"minecraft:bread":2,"minecraft:mutton":8,"minecraft:white_wool":6,"minecraft:andesite":5},"minecraft:killed_by":{"naturalist:rattlesnake":1},"minecraft:crafted":{"minecraft:cooked_beef":3,"minecraft:spruce_planks":52,"minecraft:baked_potato":28,"minecraft:cooked_chicken":2,"minecraft:cooked_mutton":8,"minecraft:bread":103,"minecraft:spruce_boat":1,"minecraft:cooked_rabbit":1,"minecraft:wheat":279},"minecraft:mined":{"minecraft:tuff":4,"minecraft:spruce_planks":5,"minecraft:brown_mushroom":5,"minecraft:black_candle_cake":1,"minecraft:crafting_table":2,"minecraft:grass_block":4,"minecraft:decorated_pot":1,"minecraft:tall_grass":9,"minecraft:spruce_leaves":1,"minecraft:wall_torch":2,"minecraft:red_stained_glass_pane":2,"minecraft:hay_block":36,"ecologics:seashell":1,"minecraft:wheat":2,"minecraft:sweet_berry_bush":21,"minecraft:spruce_log":18,"minecraft:yellow_bed":11,"minecraft:grass":32,"minecraft:acacia_fence":1,"minecraft:dirt":1,"minecraft:packed_ice":9,"minecraft:tripwire_hook":1,"minecraft:deepslate":1,"minecraft:cake":1}},"DataVersion":3465}