{"stats":{"minecraft:used":{"minecraft:salmon":1,"minecraft:sweet_berries":24,"minecraft:yellow_bed":2,"minecraft:crossbow":16,"minecraft:cooked_beef":5,"minecraft:spruce_log":4},"minecraft:custom":{"minecraft:time_since_rest":9112,"minecraft:sprint_one_cm":120829,"minecraft:damage_taken":705,"minecraft:walk_one_cm":194408,"minecraft:mob_kills":15,"minecraft:drop":10,"minecraft:damage_dealt":351,"minecraft:swim_one_cm":23024,"minecraft:fly_one_cm":20339,"minecraft:open_chest":9,"minecraft:crouch_one_cm":149,"minecraft:play_time":56410,"minecraft:interact_with_campfire":24,"minecraft:deaths":1,"minecraft:sneak_time":19,"minecraft:walk_under_water_one_cm":3327,"minecraft:jump":603,"minecraft:leave_game":1,"minecraft:walk_on_water_one_cm":8773,"minecraft:time_since_death":42467,"minecraft:sleep_in_bed":2,"minecraft:interact_with_smoker":5,"minecraft:climb_one_cm":3657,"minecraft:total_world_time":56410,"minecraft:fall_one_cm":10859},"minecraft:dropped":{"minecraft:sweet_berries":5,"minecraft:tipped_arrow":1,"naturalist:snail_shell":1,"minecraft:spruce_log":6},"minecraft:killed":{"naturalist:snail":4,"minecraft:sheep":6,"minecraft:chicken":1,"minecraft:stray":1,"minecraft:cow":2},"minecraft:picked_up":{"minecraft:tipped_arrow":3,"minecraft:chicken":1,"minecraft:feather":1,"minecraft:crafting_table":1,"minecraft:cooked_porkchop":6,"minecraft:black_candle":1,"minecraft:cooked_beef":6,"minecraft:tripwire_hook":1,"minecraft:sweet_berries":37,"minecraft:salmon":1,"minecraft:leather":3,"minecraft:brown_mushroom":10,"minecraft:torch":1,"minecraft:cooked_rabbit":5,"minecraft:yellow_bed":3,"minecraft:spruce_log":37,"minecraft:dirt":7,"minecraft:cooked_mutton":9,"minecraft:bone":5,"minecraft:arrow":6,"minecraft:rotten_flesh":4,"minecraft:slime_ball":3,"minecraft:wheat_seeds":1,"minecraft:beef":3,"minecraft:cooked_chicken":4,"naturalist:snail_shell":3,"minecraft:mutton":8,"minecraft:white_wool":6},"minecraft:mined":{"minecraft:brown_mushroom":5,"minecraft:black_candle_cake":1,"minecraft:sweet_berry_bush":21,"minecraft:spruce_log":18,"minecraft:crafting_table":1,"minecraft:yellow_bed":2,"minecraft:grass":27,"minecraft:grass_block":4,"minecraft:dirt":1,"minecraft:tall_grass":8,"minecraft:tripwire_hook":1,"minecraft:spruce_leaves":1,"minecraft:wall_torch":1,"minecraft:red_stained_glass_pane":2}},"DataVersion":3465}