{"stats":{"minecraft:used":{"minecraft:salmon":1,"minecraft:sweet_berries":24,"minecraft:yellow_bed":1,"minecraft:crossbow":2,"minecraft:cooked_beef":4,"minecraft:spruce_log":4},"minecraft:custom":{"minecraft:time_since_rest":10173,"minecraft:sprint_one_cm":89588,"minecraft:damage_taken":705,"minecraft:walk_one_cm":151177,"minecraft:mob_kills":4,"minecraft:drop":10,"minecraft:damage_dealt":251,"minecraft:swim_one_cm":23024,"minecraft:fly_one_cm":13387,"minecraft:open_chest":9,"minecraft:crouch_one_cm":85,"minecraft:play_time":44410,"minecraft:interact_with_campfire":24,"minecraft:deaths":1,"minecraft:sneak_time":12,"minecraft:walk_under_water_one_cm":3327,"minecraft:jump":446,"minecraft:leave_game":1,"minecraft:walk_on_water_one_cm":8773,"minecraft:time_since_death":30467,"minecraft:sleep_in_bed":1,"minecraft:interact_with_smoker":5,"minecraft:climb_one_cm":3657,"minecraft:total_world_time":44410,"minecraft:fall_one_cm":9547},"minecraft:dropped":{"minecraft:sweet_berries":5,"minecraft:tipped_arrow":1,"naturalist:snail_shell":1,"minecraft:spruce_log":6},"minecraft:killed":{"naturalist:snail":2,"minecraft:stray":1},"minecraft:picked_up":{"minecraft:tipped_arrow":3,"minecraft:crafting_table":1,"minecraft:cooked_porkchop":6,"minecraft:black_candle":1,"minecraft:cooked_beef":6,"minecraft:tripwire_hook":1,"minecraft:sweet_berries":37,"minecraft:salmon":1,"minecraft:brown_mushroom":10,"minecraft:torch":1,"minecraft:cooked_rabbit":5,"minecraft:yellow_bed":2,"minecraft:spruce_log":37,"minecraft:dirt":6,"minecraft:cooked_mutton":9,"minecraft:bone":5,"minecraft:arrow":6,"minecraft:rotten_flesh":4,"minecraft:slime_ball":1,"minecraft:cooked_chicken":4,"naturalist:snail_shell":3},"minecraft:mined":{"minecraft:brown_mushroom":5,"minecraft:black_candle_cake":1,"minecraft:sweet_berry_bush":21,"minecraft:spruce_log":18,"minecraft:crafting_table":1,"minecraft:yellow_bed":1,"minecraft:grass":2,"minecraft:grass_block":3,"minecraft:dirt":1,"minecraft:tripwire_hook":1,"minecraft:spruce_leaves":1,"minecraft:wall_torch":1,"minecraft:red_stained_glass_pane":2}},"DataVersion":3465}