{"stats":{"minecraft:used":{"minecraft:spruce_planks":5,"minecraft:cooked_chicken":1,"minecraft:salmon":3,"minecraft:crafting_table":1,"minecraft:crossbow":16,"minecraft:spruce_log":4,"minecraft:spruce_boat":3,"minecraft:sweet_berries":24,"minecraft:goat_horn":3,"minecraft:yellow_bed":9,"minecraft:cooked_beef":6,"minecraft:experience_bottle":6},"minecraft:custom":{"minecraft:interact_with_furnace":1,"minecraft:mob_kills":15,"minecraft:interact_with_crafting_table":2,"minecraft:interact_with_campfire":24,"minecraft:leave_game":1,"minecraft:time_since_death":132467,"minecraft:sleep_in_bed":8,"minecraft:climb_one_cm":4530,"minecraft:time_since_rest":7257,"minecraft:sprint_one_cm":192258,"minecraft:damage_taken":895,"minecraft:walk_one_cm":338163,"minecraft:trigger_trapped_chest":4,"minecraft:drop":70,"minecraft:damage_dealt":351,"minecraft:swim_one_cm":54862,"minecraft:fly_one_cm":50151,"minecraft:open_chest":24,"minecraft:crouch_one_cm":449,"minecraft:play_time":146410,"minecraft:walk_under_water_one_cm":13880,"minecraft:deaths":1,"minecraft:sneak_time":77,"minecraft:boat_one_cm":1077478,"minecraft:jump":782,"minecraft:walk_on_water_one_cm":34412,"minecraft:total_world_time":146410,"minecraft:interact_with_smoker":5,"minecraft:fall_one_cm":13512},"minecraft:killed":{"naturalist:snail":4,"minecraft:sheep":6,"minecraft:chicken":1,"minecraft:stray":1,"minecraft:cow":2},"minecraft:dropped":{"minecraft:iron_sword":2,"minecraft:brown_mushroom":5,"minecraft:goat_horn":2,"minecraft:sweet_berries":5,"minecraft:wheat_seeds":4,"naturalist:snail_shell":4,"minecraft:cooked_chicken":1,"minecraft:diamond":2,"minecraft:crafting_table":1,"minecraft:feather":1,"minecraft:rotten_flesh":8,"minecraft:leather":1,"minecraft:salmon":2,"minecraft:stick":11,"minecraft:leather_chestplate":1,"minecraft:dirt":15,"minecraft:tipped_arrow":1,"minecraft:spruce_boat":1,"minecraft:black_candle":2,"minecraft:torch":1,"minecraft:yellow_bed":2,"minecraft:writable_book":1,"minecraft:slime_ball":2,"minecraft:spruce_log":6,"minecraft:sugar":3,"minecraft:white_wool":6,"minecraft:tripwire_hook":5,"minecraft:bucket":1,"minecraft:bone":6},"minecraft:picked_up":{"minecraft:leather_chestplate":1,"minecraft:crafting_table":3,"minecraft:feather":1,"minecraft:cooked_beef":6,"minecraft:chicken":1,"minecraft:tripwire_hook":5,"minecraft:salmon":2,"minecraft:leather":4,"minecraft:brown_mushroom":10,"minecraft:cooked_rabbit":5,"minecraft:golden_boots":1,"minecraft:yellow_bed":12,"minecraft:dirt":17,"minecraft:iron_leggings":1,"minecraft:item_frame":1,"minecraft:cooked_mutton":10,"minecraft:armor_stand":2,"minecraft:experience_bottle":2,"minecraft:bone":11,"minecraft:apple":1,"minecraft:wheat_seeds":4,"minecraft:spruce_planks":5,"minecraft:iron_ingot":6,"minecraft:beef":3,"minecraft:cooked_chicken":5,"naturalist:snail_shell":5,"minecraft:iron_sword":3,"minecraft:tipped_arrow":4,"minecraft:stick":11,"minecraft:black_candle":2,"minecraft:cooked_porkchop":6,"minecraft:sweet_berries":37,"minecraft:torch":2,"minecraft:spruce_log":37,"minecraft:golden_chestplate":1,"minecraft:goat_horn":1,"minecraft:arrow":6,"minecraft:rotten_flesh":8,"minecraft:slime_ball":3,"minecraft:diamond":1,"minecraft:spruce_boat":3,"minecraft:hay_block":31,"minecraft:gold_ingot":2,"minecraft:bread":2,"minecraft:mutton":8,"minecraft:white_wool":6},"minecraft:crafted":{"minecraft:spruce_planks":52,"minecraft:spruce_boat":1},"minecraft:mined":{"minecraft:spruce_planks":5,"minecraft:brown_mushroom":5,"minecraft:black_candle_cake":1,"minecraft:crafting_table":2,"minecraft:grass_block":4,"minecraft:decorated_pot":1,"minecraft:tall_grass":9,"minecraft:spruce_leaves":1,"minecraft:wall_torch":1,"minecraft:red_stained_glass_pane":2,"minecraft:hay_block":36,"ecologics:seashell":1,"minecraft:sweet_berry_bush":21,"minecraft:spruce_log":18,"minecraft:yellow_bed":9,"minecraft:grass":27,"minecraft:dirt":1,"minecraft:packed_ice":9,"minecraft:tripwire_hook":1,"minecraft:cake":1}},"DataVersion":3465}