{"stats":{"minecraft:killed":{"naturalist:snail":2,"minecraft:stray":1},"minecraft:mined":{"minecraft:grass":1,"minecraft:grass_block":1,"minecraft:brown_mushroom":5,"minecraft:dirt":1,"minecraft:sweet_berry_bush":3,"minecraft:spruce_leaves":1,"minecraft:spruce_log":14},"minecraft:used":{"minecraft:sweet_berries":3},"minecraft:picked_up":{"minecraft:tipped_arrow":1,"minecraft:arrow":2,"minecraft:bone":2,"minecraft:sweet_berries":3,"minecraft:slime_ball":1,"minecraft:brown_mushroom":5,"minecraft:spruce_log":14,"naturalist:snail_shell":1,"minecraft:dirt":2},"minecraft:custom":{"minecraft:time_since_rest":37,"minecraft:deaths":1,"minecraft:crouch_one_cm":85,"minecraft:sprint_one_cm":15497,"minecraft:play_time":13868,"minecraft:damage_taken":250,"minecraft:walk_one_cm":48655,"minecraft:sneak_time":12,"minecraft:mob_kills":3,"minecraft:jump":132,"minecraft:damage_dealt":231,"minecraft:leave_game":1,"minecraft:time_since_death":0,"minecraft:total_world_time":13868,"minecraft:fall_one_cm":2508,"minecraft:fly_one_cm":3574}},"DataVersion":3465}