{"stats":{"minecraft:used":{"minecraft:spruce_planks":4,"minecraft:salmon":1,"minecraft:crafting_table":1,"minecraft:crossbow":16,"minecraft:spruce_log":4,"minecraft:spruce_boat":2,"minecraft:sweet_berries":24,"minecraft:yellow_bed":5,"minecraft:cooked_beef":6},"minecraft:custom":{"minecraft:mob_kills":15,"minecraft:interact_with_crafting_table":2,"minecraft:interact_with_campfire":24,"minecraft:leave_game":1,"minecraft:time_since_death":84467,"minecraft:sleep_in_bed":5,"minecraft:climb_one_cm":3657,"minecraft:time_since_rest":4695,"minecraft:sprint_one_cm":185486,"minecraft:damage_taken":705,"minecraft:walk_one_cm":216991,"minecraft:drop":20,"minecraft:damage_dealt":351,"minecraft:swim_one_cm":54740,"minecraft:fly_one_cm":49451,"minecraft:open_chest":9,"minecraft:crouch_one_cm":381,"minecraft:play_time":98410,"minecraft:walk_under_water_one_cm":12278,"minecraft:deaths":1,"minecraft:sneak_time":67,"minecraft:boat_one_cm":616315,"minecraft:jump":688,"minecraft:walk_on_water_one_cm":32246,"minecraft:total_world_time":98410,"minecraft:interact_with_smoker":5,"minecraft:fall_one_cm":11277},"minecraft:killed":{"naturalist:snail":4,"minecraft:sheep":6,"minecraft:chicken":1,"minecraft:stray":1,"minecraft:cow":2},"minecraft:dropped":{"minecraft:sweet_berries":5,"naturalist:snail_shell":1,"minecraft:crafting_table":1,"minecraft:rotten_flesh":8,"minecraft:leather":1,"minecraft:tipped_arrow":1,"minecraft:spruce_boat":1,"minecraft:torch":1,"minecraft:yellow_bed":2,"minecraft:spruce_log":6,"minecraft:tripwire_hook":2},"minecraft:picked_up":{"minecraft:crafting_table":3,"minecraft:feather":1,"minecraft:cooked_beef":6,"minecraft:chicken":1,"minecraft:tripwire_hook":3,"minecraft:salmon":1,"minecraft:leather":4,"minecraft:brown_mushroom":10,"minecraft:cooked_rabbit":5,"minecraft:yellow_bed":8,"minecraft:dirt":7,"minecraft:cooked_mutton":9,"minecraft:bone":5,"minecraft:wheat_seeds":1,"minecraft:spruce_planks":4,"minecraft:beef":3,"minecraft:cooked_chicken":4,"naturalist:snail_shell":3,"minecraft:tipped_arrow":3,"minecraft:black_candle":1,"minecraft:cooked_porkchop":6,"minecraft:sweet_berries":37,"minecraft:torch":2,"minecraft:spruce_log":37,"minecraft:arrow":6,"minecraft:rotten_flesh":8,"minecraft:slime_ball":3,"minecraft:spruce_boat":2,"minecraft:mutton":8,"minecraft:white_wool":6},"minecraft:crafted":{"minecraft:spruce_planks":52,"minecraft:spruce_boat":1},"minecraft:mined":{"minecraft:spruce_planks":4,"minecraft:brown_mushroom":5,"minecraft:black_candle_cake":1,"minecraft:crafting_table":2,"minecraft:grass_block":4,"minecraft:tall_grass":8,"minecraft:spruce_leaves":1,"minecraft:wall_torch":1,"minecraft:red_stained_glass_pane":2,"ecologics:seashell":1,"minecraft:sweet_berry_bush":21,"minecraft:spruce_log":18,"minecraft:yellow_bed":5,"minecraft:grass":27,"minecraft:dirt":1,"minecraft:packed_ice":9,"minecraft:tripwire_hook":1}},"DataVersion":3465}