{"stats":{"minecraft:mined":{"immersive_weathering:permafrost":2,"immersive_weathering:icicle":4,"minecraft:furnace":2,"immersive_weathering:grassy_permafrost":17,"minecraft:spruce_log":5,"minecraft:crafting_table":1,"minecraft:grass":2,"minecraft:grass_block":1,"minecraft:sand":6,"minecraft:dirt":4,"minecraft:packed_ice":1,"minecraft:spruce_leaves":3,"minecraft:stone":26,"minecraft:sugar_cane":1},"minecraft:custom":{"minecraft:time_since_rest":26900,"minecraft:interact_with_furnace":7,"minecraft:sprint_one_cm":61785,"minecraft:damage_taken":285,"minecraft:walk_one_cm":14818,"minecraft:mob_kills":16,"minecraft:drop":3,"minecraft:damage_dealt":1070,"minecraft:interact_with_crafting_table":2,"minecraft:swim_one_cm":28207,"minecraft:fly_one_cm":140407,"minecraft:crouch_one_cm":8363,"minecraft:play_time":26900,"minecraft:sneak_time":2615,"minecraft:walk_under_water_one_cm":5523,"minecraft:jump":526,"minecraft:time_since_death":26900,"minecraft:walk_on_water_one_cm":2669,"minecraft:total_world_time":26900,"minecraft:fall_one_cm":11677},"minecraft:crafted":{"minecraft:crafting_table":1,"minecraft:spruce_planks":20,"minecraft:stick":12,"minecraft:wooden_pickaxe":1,"minecraft:stone_pickaxe":1,"minecraft:stone_sword":1,"minecraft:furnace":2,"minecraft:cooked_salmon":7,"minecraft:stone_axe":1,"minecraft:air":0},"minecraft:dropped":{"minecraft:spider_eye":1,"immersive_weathering:permafrost":10,"minecraft:bone":1},"minecraft:picked_up":{"minecraft:stick":1,"minecraft:crafting_table":1,"minecraft:sweet_berries":4,"minecraft:salmon":9,"minecraft:sand":6,"minecraft:spruce_sapling":1,"immersive_weathering:permafrost":13,"minecraft:spruce_log":5,"minecraft:string":1,"minecraft:spider_eye":1,"minecraft:dirt":19,"minecraft:slime_ball":1,"beachparty:seashell":1,"minecraft:bone":1,"minecraft:rotten_flesh":2,"minecraft:gold_nugget":2,"minecraft:spruce_planks":5,"minecraft:iron_nugget":3,"minecraft:sugar_cane":4,"minecraft:snowball":26,"minecraft:cobblestone":26,"minecraft:furnace":2},"minecraft:used":{"minecraft:stone_sword":28,"minecraft:stone_pickaxe":7,"minecraft:wooden_pickaxe":26,"beachparty:seashell":1,"minecraft:cooked_salmon":5,"minecraft:spruce_sapling":1,"minecraft:rotten_flesh":2,"minecraft:stone_axe":1,"minecraft:salmon":2,"minecraft:sand":6,"minecraft:dirt":5,"minecraft:sweet_berries":4,"immersive_weathering:permafrost":3,"minecraft:crafting_table":1,"minecraft:furnace":2},"minecraft:killed":{"naturalist:snail":2,"naturalist:coral_snake":1,"minecraft:zombie":2,"ecologics:penguin":1,"minecraft:salmon":9}},"DataVersion":3465}