{"stats":{"minecraft:dropped":{"ecologics:flowering_azalea_planks":4,"minecraft:spider_eye":1,"immersive_weathering:permafrost":10,"minecraft:bone":1},"minecraft:killed":{"minecraft:salmon":9,"naturalist:snail":2,"naturalist:coral_snake":1,"minecraft:skeleton":1,"minecraft:zombie":4,"ecologics:penguin":1},"minecraft:mined":{"minecraft:podzol":4,"immersive_weathering:icicle":4,"immersive_weathering:grassy_permafrost":17,"immersive_weathering:spruce_leaf_pile":2,"minecraft:stripped_dark_oak_log":8,"minecraft:soul_lantern":1,"minecraft:crafting_table":2,"minecraft:grass_block":4,"minecraft:cobblestone":3,"minecraft:spruce_leaves":3,"minecraft:sugar_cane":1,"ecologics:flowering_azalea_planks":2,"minecraft:large_fern":1,"immersive_weathering:permafrost":52,"minecraft:furnace":3,"minecraft:iron_ore":4,"minecraft:spruce_log":5,"minecraft:grass":2,"minecraft:coal_ore":25,"ecologics:flowering_azalea_log":1,"minecraft:sand":6,"minecraft:gravel":23,"minecraft:dirt":30,"minecraft:packed_ice":1,"minecraft:stone":28},"minecraft:used":{"minecraft:stone_sword":42,"minecraft:stone_pickaxe":68,"minecraft:wooden_pickaxe":26,"minecraft:cooked_salmon":7,"minecraft:rotten_flesh":5,"minecraft:salmon":2,"minecraft:dirt":17,"minecraft:sand":6,"minecraft:crafting_table":2,"beachparty:seashell":1,"minecraft:spruce_sapling":1,"minecraft:stone_axe":13,"ecologics:flowering_azalea_planks":2,"immersive_weathering:permafrost":3,"minecraft:sweet_berries":4,"minecraft:furnace":2},"minecraft:crafted":{"minecraft:crafting_table":1,"minecraft:spruce_planks":20,"minecraft:wooden_pickaxe":1,"minecraft:furnace":2,"minecraft:cooked_salmon":7,"minecraft:stone_axe":1,"minecraft:air":0,"minecraft:flint_and_steel":1,"ecologics:flowering_azalea_planks":4,"minecraft:stick":12,"minecraft:iron_ingot":1,"minecraft:stone_pickaxe":1,"minecraft:stone_sword":1},"minecraft:picked_up":{"ecologics:flowering_azalea_log":1,"minecraft:crafting_table":2,"minecraft:salmon":9,"minecraft:flint":2,"minecraft:string":1,"minecraft:dirt":52,"minecraft:bone":14,"beachparty:seashell":1,"minecraft:gold_nugget":10,"minecraft:spruce_planks":5,"minecraft:iron_nugget":13,"minecraft:sugar_cane":4,"minecraft:furnace":3,"minecraft:raw_iron":4,"ecologics:flowering_azalea_planks":2,"minecraft:stick":1,"minecraft:sweet_berries":4,"minecraft:gravel":21,"minecraft:sand":6,"minecraft:spruce_sapling":1,"minecraft:spruce_log":5,"immersive_weathering:permafrost":34,"minecraft:spider_eye":1,"minecraft:arrow":2,"minecraft:rotten_flesh":5,"minecraft:slime_ball":1,"minecraft:soul_lantern":1,"minecraft:stripped_dark_oak_log":8,"minecraft:coal":25,"minecraft:snowball":26,"minecraft:cobblestone":31},"minecraft:custom":{"minecraft:interact_with_furnace":8,"minecraft:mob_kills":19,"minecraft:interact_with_crafting_table":3,"minecraft:leave_game":2,"minecraft:time_since_death":65670,"minecraft:time_since_rest":65670,"minecraft:sprint_one_cm":94706,"minecraft:damage_taken":565,"minecraft:walk_one_cm":46729,"minecraft:drop":4,"minecraft:damage_dealt":1672,"minecraft:talked_to_villager":1,"minecraft:swim_one_cm":28207,"minecraft:fly_one_cm":195915,"minecraft:crouch_one_cm":16850,"minecraft:play_time":65670,"minecraft:sneak_time":5485,"minecraft:walk_under_water_one_cm":5523,"minecraft:jump":861,"minecraft:walk_on_water_one_cm":2669,"minecraft:total_world_time":65670,"minecraft:fall_one_cm":26890}},"DataVersion":3465}