{"stats":{"minecraft:used":{"minecraft:stone_sword":145,"minecraft:iron_shovel":1,"minecraft:flint_and_steel":23,"minecraft:chest":1,"minecraft:cooked_salmon":7,"minecraft:rotten_flesh":5,"minecraft:dirt":22,"minecraft:iron_boots":1,"immersive_weathering:permafrost":3,"minecraft:sweet_berries":9,"minecraft:furnace":4,"minecraft:water_bucket":5,"minecraft:leather_leggings":1,"minecraft:stone_pickaxe":112,"minecraft:leather_chestplate":1,"minecraft:wooden_pickaxe":26,"minecraft:leather_boots":4,"naturalist:duck_egg":2,"minecraft:salmon":2,"minecraft:sand":6,"minecraft:crafting_table":7,"minecraft:red_bed":3,"minecraft:apple":13,"minecraft:bread":9,"minecraft:leather_helmet":1,"beachparty:seashell":1,"minecraft:spruce_sapling":1,"minecraft:stone_axe":54,"ecologics:flowering_azalea_planks":2,"minecraft:cobblestone":2,"minecraft:purple_bed":3,"minecraft:bucket":6,"minecraft:experience_bottle":1},"minecraft:custom":{"minecraft:mob_kills":49,"minecraft:interact_with_crafting_table":10,"minecraft:open_barrel":2,"minecraft:leave_game":2,"minecraft:time_since_death":105048,"minecraft:climb_one_cm":4771,"minecraft:sprint_one_cm":211519,"minecraft:walk_one_cm":135214,"minecraft:drop":20,"minecraft:talked_to_villager":8,"minecraft:play_time":105048,"minecraft:sneak_time":8202,"minecraft:walk_under_water_one_cm":9683,"minecraft:jump":1584,"minecraft:walk_on_water_one_cm":8805,"minecraft:total_world_time":105048,"minecraft:interact_with_furnace":20,"minecraft:interact_with_cartography_table":2,"minecraft:sleep_in_bed":3,"minecraft:time_since_rest":9112,"minecraft:damage_taken":1020,"minecraft:damage_dealt":4903,"minecraft:swim_one_cm":28684,"minecraft:fly_one_cm":347329,"minecraft:open_chest":17,"minecraft:crouch_one_cm":26219,"minecraft:fall_one_cm":52973},"minecraft:killed":{"naturalist:boar":1,"naturalist:coral_snake":1,"naturalist:snail":3,"minecraft:skeleton":3,"minecraft:horse":3,"minecraft:pig":3,"minecraft:salmon":9,"minecraft:squid":1,"minecraft:sheep":8,"minecraft:zombie":9,"ecologics:penguin":1,"minecraft:cow":4},"minecraft:dropped":{"minecraft:cooked_beef":6,"ecologics:flowering_azalea_planks":4,"minecraft:book":15,"minecraft:flint":2,"minecraft:dirt":30,"candlelight:tomato":1,"minecraft:map":3,"minecraft:gold_nugget":21,"minecraft:paper":2,"immersive_weathering:permafrost":10,"minecraft:bone":1,"minecraft:iron_nugget":4,"minecraft:rotten_flesh":2,"minecraft:spruce_planks":2,"minecraft:bundle":1,"minecraft:leather_boots":2,"minecraft:spider_eye":1},"minecraft:picked_up":{"minecraft:crafting_table":7,"minecraft:leather_leggings":3,"minecraft:string":1,"minecraft:red_bed":3,"minecraft:experience_bottle":1,"beachparty:seashell":1,"minecraft:gold_nugget":30,"minecraft:candle":8,"minecraft:spruce_planks":7,"minecraft:iron_nugget":17,"minecraft:light_gray_wool":2,"minecraft:sugar_cane":14,"minecraft:chest":3,"minecraft:furnace":11,"minecraft:stick":1,"minecraft:raw_iron":14,"ecologics:flowering_azalea_planks":2,"immersive_weathering:permafrost":34,"minecraft:arrow":2,"minecraft:rotten_flesh":7,"minecraft:hay_block":12,"minecraft:cobblestone":36,"minecraft:snowball":26,"minecraft:white_wool":6,"ecologics:flowering_azalea_log":1,"minecraft:cooked_beef":6,"minecraft:salmon":9,"minecraft:leather":12,"minecraft:flint":2,"minecraft:map":3,"minecraft:dirt":54,"minecraft:paper":4,"minecraft:leather_boots":2,"minecraft:cooked_mutton":12,"minecraft:bone":16,"minecraft:iron_ingot":1,"candlelight:tomato":1,"immersive_weathering:tallow":6,"minecraft:book":80,"minecraft:cooked_porkchop":11,"minecraft:sweet_berries":9,"minecraft:gravel":21,"minecraft:sand":10,"minecraft:amethyst_shard":4,"minecraft:spruce_sapling":1,"minecraft:ink_sac":1,"minecraft:spruce_log":5,"minecraft:spider_eye":1,"naturalist:duck_egg":2,"minecraft:leather_helmet":2,"minecraft:bundle":1,"minecraft:purple_bed":3,"minecraft:slime_ball":1,"minecraft:soul_lantern":1,"minecraft:stripped_dark_oak_log":8,"minecraft:coal":82},"minecraft:crafted":{"minecraft:furnace":2,"minecraft:flint_and_steel":1,"minecraft:glass":4,"ecologics:flowering_azalea_planks":4,"minecraft:stone_pickaxe":1,"minecraft:wheat":108,"minecraft:crafting_table":1,"minecraft:spruce_planks":20,"minecraft:wooden_pickaxe":1,"minecraft:cooked_salmon":7,"minecraft:bucket":1,"minecraft:stone_axe":1,"minecraft:bread":36,"minecraft:air":0,"minecraft:stick":16,"minecraft:iron_ingot":5,"minecraft:stone_sword":1,"minecraft:gold_ingot":1},"minecraft:mined":{"minecraft:candle":2,"immersive_weathering:grassy_permafrost":17,"minecraft:grass_block":6,"minecraft:yellow_candle":2,"minecraft:spruce_leaves":3,"ecologics:flowering_azalea_planks":2,"minecraft:large_fern":3,"minecraft:hay_block":12,"minecraft:furnace":11,"minecraft:iron_ore":14,"minecraft:fire":23,"minecraft:bookshelf":22,"minecraft:packed_ice":1,"minecraft:stone":30,"minecraft:podzol":4,"immersive_weathering:icicle":4,"minecraft:red_bed":3,"immersive_weathering:spruce_leaf_pile":2,"minecraft:stripped_dark_oak_log":8,"minecraft:amethyst_cluster":1,"minecraft:soul_lantern":1,"minecraft:crafting_table":7,"immersive_weathering:soot":1,"minecraft:chest":3,"candlelight:wild_tomatoes":1,"minecraft:tall_grass":5,"minecraft:cobblestone":9,"minecraft:sugar_cane":4,"immersive_weathering:permafrost":52,"minecraft:purple_bed":3,"minecraft:sweet_berry_bush":1,"minecraft:spruce_log":5,"minecraft:yellow_bed":1,"minecraft:grass":16,"minecraft:coal_ore":35,"ecologics:flowering_azalea_log":1,"minecraft:dirt":30,"minecraft:sand":10,"minecraft:gravel":24,"minecraft:terracotta":1},"minecraft:broken":{"minecraft:stone_sword":1}},"DataVersion":3465}