{"stats":{"minecraft:used":{"minecraft:water_bucket":4,"minecraft:stone_sword":87,"minecraft:flint_and_steel":5,"minecraft:stone_pickaxe":89,"minecraft:wooden_pickaxe":26,"minecraft:leather_boots":1,"minecraft:cooked_salmon":7,"naturalist:duck_egg":2,"minecraft:rotten_flesh":5,"minecraft:salmon":2,"minecraft:dirt":22,"minecraft:sand":6,"minecraft:crafting_table":6,"minecraft:red_bed":3,"minecraft:apple":13,"minecraft:bread":1,"minecraft:spruce_sapling":1,"beachparty:seashell":1,"minecraft:stone_axe":41,"ecologics:flowering_azalea_planks":2,"immersive_weathering:permafrost":3,"minecraft:sweet_berries":9,"minecraft:furnace":4,"minecraft:bucket":5},"minecraft:custom":{"minecraft:interact_with_furnace":19,"minecraft:mob_kills":30,"minecraft:interact_with_cartography_table":2,"minecraft:interact_with_crafting_table":9,"minecraft:open_barrel":2,"minecraft:leave_game":2,"minecraft:time_since_death":93048,"minecraft:sleep_in_bed":2,"minecraft:climb_one_cm":4599,"minecraft:time_since_rest":10173,"minecraft:sprint_one_cm":162093,"minecraft:damage_taken":790,"minecraft:walk_one_cm":111348,"minecraft:drop":17,"minecraft:damage_dealt":3115,"minecraft:swim_one_cm":28684,"minecraft:talked_to_villager":8,"minecraft:fly_one_cm":252819,"minecraft:open_chest":13,"minecraft:crouch_one_cm":20569,"minecraft:play_time":93048,"minecraft:sneak_time":6671,"minecraft:walk_under_water_one_cm":9683,"minecraft:jump":1212,"minecraft:walk_on_water_one_cm":8805,"minecraft:total_world_time":93048,"minecraft:fall_one_cm":31721},"minecraft:killed":{"minecraft:salmon":9,"minecraft:squid":1,"minecraft:horse":2,"minecraft:sheep":3,"naturalist:snail":2,"minecraft:skeleton":1,"naturalist:coral_snake":1,"minecraft:zombie":9,"ecologics:penguin":1},"minecraft:dropped":{"minecraft:iron_nugget":4,"minecraft:cooked_beef":6,"minecraft:rotten_flesh":2,"minecraft:book":15,"ecologics:flowering_azalea_planks":4,"minecraft:flint":2,"minecraft:dirt":30,"minecraft:bundle":1,"minecraft:spruce_planks":2,"minecraft:map":3,"minecraft:gold_nugget":21,"minecraft:spider_eye":1,"minecraft:paper":2,"immersive_weathering:permafrost":10,"minecraft:bone":1},"minecraft:picked_up":{"ecologics:flowering_azalea_log":1,"minecraft:crafting_table":6,"minecraft:salmon":9,"minecraft:leather":4,"minecraft:flint":2,"minecraft:red_bed":3,"minecraft:paper":4,"minecraft:map":3,"minecraft:dirt":52,"minecraft:string":1,"minecraft:cooked_mutton":4,"minecraft:bone":14,"beachparty:seashell":1,"minecraft:candle":8,"minecraft:gold_nugget":30,"minecraft:spruce_planks":7,"minecraft:iron_ingot":1,"minecraft:iron_nugget":17,"minecraft:light_gray_wool":2,"minecraft:sugar_cane":14,"minecraft:chest":2,"minecraft:book":80,"minecraft:furnace":10,"minecraft:raw_iron":4,"minecraft:stick":1,"ecologics:flowering_azalea_planks":2,"minecraft:sweet_berries":9,"minecraft:gravel":21,"minecraft:sand":10,"minecraft:amethyst_shard":4,"minecraft:spruce_sapling":1,"minecraft:ink_sac":1,"minecraft:spruce_log":5,"immersive_weathering:permafrost":34,"minecraft:spider_eye":1,"naturalist:duck_egg":2,"minecraft:bundle":1,"minecraft:purple_bed":1,"minecraft:arrow":2,"minecraft:rotten_flesh":7,"minecraft:slime_ball":1,"minecraft:soul_lantern":1,"minecraft:hay_block":12,"minecraft:stripped_dark_oak_log":8,"minecraft:coal":74,"minecraft:snowball":26,"minecraft:white_wool":1,"minecraft:cobblestone":34},"minecraft:crafted":{"minecraft:crafting_table":1,"minecraft:spruce_planks":20,"minecraft:wooden_pickaxe":1,"minecraft:furnace":2,"minecraft:cooked_salmon":7,"minecraft:bucket":1,"minecraft:stone_axe":1,"minecraft:air":0,"minecraft:flint_and_steel":1,"minecraft:glass":4,"ecologics:flowering_azalea_planks":4,"minecraft:stick":16,"minecraft:iron_ingot":5,"minecraft:stone_pickaxe":1,"minecraft:stone_sword":1,"minecraft:gold_ingot":1},"minecraft:mined":{"minecraft:podzol":4,"immersive_weathering:icicle":4,"minecraft:red_bed":3,"minecraft:candle":2,"immersive_weathering:grassy_permafrost":17,"immersive_weathering:spruce_leaf_pile":2,"minecraft:amethyst_cluster":1,"minecraft:stripped_dark_oak_log":8,"minecraft:soul_lantern":1,"minecraft:crafting_table":6,"minecraft:grass_block":4,"minecraft:yellow_candle":2,"immersive_weathering:soot":1,"minecraft:chest":2,"minecraft:tall_grass":1,"minecraft:cobblestone":9,"minecraft:spruce_leaves":3,"minecraft:sugar_cane":4,"ecologics:flowering_azalea_planks":2,"minecraft:purple_bed":1,"minecraft:hay_block":12,"minecraft:large_fern":1,"immersive_weathering:permafrost":52,"minecraft:furnace":10,"minecraft:iron_ore":4,"minecraft:fire":5,"minecraft:sweet_berry_bush":1,"minecraft:spruce_log":5,"minecraft:yellow_bed":1,"minecraft:grass":2,"minecraft:bookshelf":22,"minecraft:coal_ore":27,"ecologics:flowering_azalea_log":1,"minecraft:gravel":24,"minecraft:sand":10,"minecraft:dirt":30,"minecraft:packed_ice":1,"minecraft:stone":28}},"DataVersion":3465}