{"stats":{"minecraft:used":{"minecraft:iron_shovel":176,"minecraft:chest":8,"minecraft:shield":28,"minecraft:iron_sword":241,"minecraft:rotten_flesh":5,"minecraft:lava_bucket":2,"minecraft:lantern":7,"minecraft:iron_helmet":1,"immersive_weathering:permafrost":3,"minecraft:sweet_berries":9,"minecraft:furnace":28,"minecraft:acacia_fence":1,"minecraft:leather_leggings":1,"minecraft:stone_pickaxe":128,"minecraft:leather_chestplate":1,"minecraft:wooden_pickaxe":26,"minecraft:sugar_cane":6,"naturalist:duck_egg":2,"minecraft:sand":7,"minecraft:bread":56,"minecraft:stone_button":1,"beachparty:seashell":1,"minecraft:andesite":16,"minecraft:experience_bottle":4,"minecraft:stone_sword":145,"minecraft:flint_and_steel":23,"minecraft:redstone":1,"minecraft:cooked_salmon":7,"minecraft:torch":16,"minecraft:dirt":40,"minecraft:granite":4,"minecraft:iron_hoe":82,"minecraft:iron_axe":83,"minecraft:iron_boots":1,"minecraft:stone_pressure_plate":5,"minecraft:cobbled_deepslate":65,"minecraft:water_bucket":26,"minecraft:bundle":1,"minecraft:leather_boots":4,"minecraft:salmon":2,"minecraft:crafting_table":14,"minecraft:red_bed":3,"minecraft:white_bed":1,"minecraft:smoker":1,"minecraft:diamond_pickaxe":16,"minecraft:apple":13,"minecraft:iron_pickaxe":669,"minecraft:leather_helmet":1,"minecraft:spruce_sapling":1,"luphieclutteredmod:cute_blue_bicycle":4,"minecraft:stone_axe":66,"ecologics:flowering_azalea_planks":2,"minecraft:cobblestone":57,"travelersbackpack:standard":8,"minecraft:purple_bed":3,"luphieclutteredmod:blue_bicycle":2,"minecraft:bucket":32},"minecraft:custom":{"minecraft:interact_with_crafting_table":41,"minecraft:open_barrel":4,"minecraft:bell_ring":3,"minecraft:leave_game":4,"minecraft:time_since_death":271999,"minecraft:sprint_one_cm":583647,"minecraft:damage_blocked_by_shield":770,"minecraft:drop":103,"minecraft:talked_to_villager":29,"minecraft:play_time":271999,"minecraft:jump":3590,"minecraft:walk_on_water_one_cm":27193,"minecraft:interact_with_furnace":131,"minecraft:interact_with_cartography_table":2,"minecraft:sleep_in_bed":14,"minecraft:damage_dealt":15878,"minecraft:crouch_one_cm":66453,"minecraft:interact_with_smoker":2,"minecraft:interact_with_smithing_table":1,"minecraft:mob_kills":104,"minecraft:climb_one_cm":8190,"minecraft:walk_one_cm":378468,"minecraft:sneak_time":24532,"minecraft:walk_under_water_one_cm":14914,"minecraft:total_world_time":271999,"minecraft:time_since_rest":6943,"minecraft:damage_taken":2648,"minecraft:swim_one_cm":37814,"minecraft:fly_one_cm":731262,"minecraft:open_chest":139,"minecraft:fall_one_cm":100640},"minecraft:killed":{"naturalist:rattlesnake":1,"minecraft:cave_spider":4,"minecraft:spider":6,"naturalist:boar":1,"naturalist:snail":3,"minecraft:skeleton":20,"minecraft:pig":3,"minecraft:zombie_villager":2,"minecraft:salmon":9,"minecraft:sheep":8,"minecraft:zombie":30,"ecologics:penguin":1,"minecraft:cow":4,"minecraft:horse":3,"naturalist:coral_snake":1,"minecraft:squid":1,"minecraft:villager":1,"minecraft:enderman":2},"minecraft:dropped":{"minecraft:candle":8,"minecraft:cooked_beef":12,"minecraft:glow_ink_sac":10,"minecraft:leather":12,"minecraft:saddle":1,"minecraft:leather_helmet":1,"minecraft:emerald":16,"minecraft:flint":2,"minecraft:dirt":30,"minecraft:gold_nugget":21,"minecraft:amethyst_shard":8,"minecraft:iron_pickaxe":2,"minecraft:armor_stand":4,"minecraft:gold_ingot":6,"minecraft:bone":33,"minecraft:stone_axe":1,"minecraft:iron_nugget":8,"minecraft:soul_lantern":2,"minecraft:rotten_flesh":40,"minecraft:leather_chestplate":1,"minecraft:leather_boots":2,"minecraft:leather_leggings":1,"minecraft:arrow":2,"minecraft:enchanted_book":1,"minecraft:iron_ingot":49,"minecraft:bread":77,"minecraft:wheat_seeds":10,"minecraft:golden_helmet":8,"minecraft:cobblestone":7,"ecologics:flowering_azalea_planks":4,"minecraft:book":59,"candlelight:tomato":1,"minecraft:map":3,"minecraft:iron_axe":1,"immersive_weathering:permafrost":10,"minecraft:paper":2,"minecraft:string":52,"minecraft:bucket":2,"minecraft:redstone":2,"minecraft:smoker":1,"minecraft:iron_hoe":1,"minecraft:shield":1,"minecraft:bundle":1,"minecraft:spruce_trapdoor":3,"minecraft:spruce_planks":2,"minecraft:andesite":8,"minecraft:golden_leggings":7,"minecraft:spider_eye":5,"minecraft:bow":1,"minecraft:stone_pickaxe":1,"minecraft:cooked_rabbit":1},"minecraft:picked_up":{"minecraft:flower_pot":1,"luphieclutteredmod:cute_blue_bicycle":3,"minecraft:enchanted_book":1,"minecraft:string":71,"minecraft:raw_copper":68,"minecraft:armor_stand":10,"minecraft:experience_bottle":4,"minecraft:gold_nugget":30,"minecraft:cobbled_deepslate":65,"minecraft:bucket":2,"minecraft:spruce_planks":7,"minecraft:iron_pickaxe":1,"minecraft:coal_block":16,"minecraft:furnace":26,"minecraft:golden_helmet":8,"minecraft:stick":1,"minecraft:beehive":3,"ecologics:flowering_azalea_planks":2,"minecraft:acacia_fence":1,"minecraft:torch":3,"minecraft:acacia_log":7,"minecraft:rotten_flesh":64,"minecraft:iron_block":1,"minecraft:obsidian":16,"minecraft:snowball":26,"minecraft:cobblestone":111,"minecraft:cooked_beef":12,"minecraft:andesite":24,"minecraft:golden_leggings":7,"minecraft:smoker":2,"minecraft:flint":2,"minecraft:tuff":8,"minecraft:lantern":7,"minecraft:dirt":70,"minecraft:map":3,"minecraft:lapis_lazuli":181,"minecraft:leather_boots":2,"minecraft:bone":66,"minecraft:bow":2,"minecraft:wheat_seeds":21,"minecraft:raw_gold":29,"immersive_weathering:tallow":6,"minecraft:cooked_porkchop":11,"minecraft:sand":185,"minecraft:ink_sac":1,"naturalist:duck_egg":2,"minecraft:bundle":1,"minecraft:iron_hoe":1,"minecraft:diamond":35,"minecraft:soul_lantern":2,"minecraft:granite":9,"minecraft:emerald":12,"minecraft:bread":38,"minecraft:charcoal":3,"minecraft:crafting_table":12,"minecraft:leather_leggings":3,"minecraft:cornflower":1,"minecraft:red_bed":3,"minecraft:iron_axe":1,"beachparty:seashell":1,"minecraft:candle":16,"minecraft:iron_nugget":21,"minecraft:light_gray_wool":2,"minecraft:sugar_cane":32,"minecraft:chest":6,"minecraft:spruce_trapdoor":6,"minecraft:raw_iron":307,"minecraft:stone_button":1,"minecraft:carrot":22,"minecraft:redstone":69,"immersive_weathering:permafrost":34,"minecraft:stone_pressure_plate":5,"minecraft:arrow":22,"minecraft:hay_block":73,"minecraft:saddle":1,"minecraft:gold_ingot":6,"minecraft:white_wool":6,"ecologics:flowering_azalea_log":1,"minecraft:dark_oak_button":3,"minecraft:glow_ink_sac":20,"minecraft:salmon":9,"minecraft:leather":24,"minecraft:oak_log":16,"minecraft:paper":4,"minecraft:cooked_mutton":12,"minecraft:iron_ingot":77,"candlelight:tomato":1,"minecraft:iron_sword":1,"minecraft:acacia_sapling":1,"minecraft:book":286,"minecraft:sweet_berries":9,"minecraft:dandelion":1,"minecraft:gravel":21,"minecraft:amethyst_shard":12,"minecraft:spruce_sapling":1,"minecraft:white_bed":1,"minecraft:spruce_log":5,"minecraft:spider_eye":9,"minecraft:leather_helmet":2,"luphieclutteredmod:blue_bicycle":2,"minecraft:purple_bed":3,"minecraft:slime_ball":1,"minecraft:stripped_dark_oak_log":8,"minecraft:coal":349},"minecraft:crafted":{"minecraft:oak_planks":64,"minecraft:iron_bars":16,"minecraft:glass":178,"ecologics:flowering_azalea_planks":4,"minecraft:diamond_helmet":1,"minecraft:diamond_leggings":1,"minecraft:chest":6,"minecraft:cooked_rabbit":1,"minecraft:crafting_table":4,"minecraft:spruce_planks":20,"minecraft:wooden_pickaxe":1,"travelersbackpack:standard":1,"luphieclutteredmod:cute_blue_bicycle":1,"minecraft:copper_ingot":68,"minecraft:iron_chestplate":1,"minecraft:diamond_pickaxe":1,"minecraft:shield":2,"minecraft:stick":72,"minecraft:light_blue_dye":2,"minecraft:iron_ingot":193,"minecraft:iron_pickaxe":4,"minecraft:stone_sword":1,"minecraft:gold_ingot":30,"luphieclutteredmod:blue_bicycle":1,"minecraft:furnace":2,"minecraft:bone_meal":3,"minecraft:flint_and_steel":1,"travelersbackpack:white_sleeping_bag":1,"minecraft:iron_axe":2,"minecraft:iron_hoe":1,"minecraft:stone_pickaxe":1,"minecraft:diamond_boots":1,"minecraft:dark_oak_planks":32,"minecraft:wheat":656,"travelersbackpack:backpack_tank":2,"minecraft:iron_sword":1,"minecraft:cooked_salmon":7,"minecraft:bucket":2,"minecraft:stone_axe":1,"minecraft:bread":231,"minecraft:air":0,"minecraft:blue_dye":1,"minecraft:white_dye":1,"minecraft:iron_leggings":1,"minecraft:acacia_planks":28,"minecraft:torch":36,"minecraft:diamond_chestplate":1},"minecraft:mined":{"minecraft:stone_pressure_plate":4,"minecraft:white_bed":1,"minecraft:obsidian":16,"minecraft:spruce_trapdoor":3,"minecraft:granite":11,"minecraft:acacia_log":7,"minecraft:grass_block":7,"minecraft:coal_block":16,"minecraft:spawner":1,"minecraft:iron_ore":172,"minecraft:fire":25,"minecraft:cobbled_deepslate":3,"minecraft:deepslate_lapis_ore":29,"minecraft:dirt_path":2,"minecraft:iron_block":1,"minecraft:deepslate_redstone_ore":14,"minecraft:red_bed":3,"immersive_weathering:spruce_leaf_pile":2,"minecraft:smoker":1,"minecraft:amethyst_cluster":1,"minecraft:soul_lantern":1,"minecraft:torch":1,"minecraft:chest":6,"minecraft:cobblestone":10,"minecraft:sugar_cane":10,"minecraft:wall_torch":1,"minecraft:deepslate_copper_ore":5,"minecraft:grass":27,"minecraft:oak_log":16,"ecologics:flowering_azalea_log":1,"minecraft:dirt":30,"minecraft:sand":186,"minecraft:deepslate":72,"luphieclutteredmod:blue_bicycle":2,"minecraft:tuff":12,"minecraft:deepslate_diamond_ore":35,"minecraft:candle":2,"immersive_weathering:grassy_permafrost":17,"minecraft:stone_button":1,"minecraft:yellow_candle":2,"minecraft:spruce_leaves":3,"ecologics:flowering_azalea_planks":2,"minecraft:large_fern":3,"minecraft:hay_block":75,"minecraft:furnace":26,"minecraft:carrots":18,"immersive_weathering:charred_log":3,"minecraft:andesite":24,"minecraft:bookshelf":77,"minecraft:deepslate_iron_ore":43,"minecraft:lantern":1,"minecraft:packed_ice":1,"immersive_weathering:silt":1,"immersive_weathering:ivy":1,"minecraft:stone":113,"luphieclutteredmod:cute_blue_bicycle":3,"minecraft:podzol":4,"minecraft:acacia_leaves":8,"immersive_weathering:icicle":4,"minecraft:stripped_dark_oak_log":8,"minecraft:crafting_table":13,"minecraft:cornflower":1,"immersive_weathering:soot":1,"candlelight:wild_tomatoes":1,"minecraft:tall_grass":8,"minecraft:copper_ore":14,"minecraft:lapis_ore":1,"minecraft:deepslate_gold_ore":23,"immersive_weathering:permafrost":52,"minecraft:purple_bed":3,"minecraft:beehive":3,"minecraft:sweet_berry_bush":1,"minecraft:spruce_log":5,"minecraft:yellow_bed":1,"minecraft:coal_ore":142,"minecraft:gravel":24,"minecraft:cobweb":11,"minecraft:terracotta":1,"minecraft:gold_ore":6},"minecraft:broken":{"minecraft:iron_sword":1,"minecraft:stone_sword":1,"minecraft:iron_pickaxe":2}},"DataVersion":3465}