{"stats":{"minecraft:used":{"minecraft:stone_sword":145,"minecraft:iron_shovel":176,"minecraft:flint_and_steel":23,"minecraft:redstone":1,"minecraft:chest":6,"minecraft:shield":28,"minecraft:iron_sword":240,"minecraft:cooked_salmon":7,"minecraft:rotten_flesh":5,"minecraft:torch":16,"minecraft:dirt":26,"minecraft:granite":4,"minecraft:iron_hoe":82,"minecraft:lantern":7,"minecraft:iron_axe":78,"minecraft:iron_helmet":1,"minecraft:iron_boots":1,"immersive_weathering:permafrost":3,"minecraft:sweet_berries":9,"minecraft:furnace":25,"minecraft:acacia_fence":1,"minecraft:stone_pressure_plate":5,"minecraft:cobbled_deepslate":65,"minecraft:water_bucket":21,"minecraft:leather_leggings":1,"minecraft:bundle":1,"minecraft:stone_pickaxe":128,"minecraft:wooden_pickaxe":26,"minecraft:leather_chestplate":1,"minecraft:leather_boots":4,"minecraft:sugar_cane":6,"naturalist:duck_egg":2,"minecraft:salmon":2,"minecraft:sand":7,"minecraft:crafting_table":14,"minecraft:red_bed":3,"minecraft:white_bed":1,"minecraft:smoker":1,"minecraft:apple":13,"minecraft:iron_pickaxe":655,"minecraft:bread":55,"minecraft:stone_button":1,"minecraft:leather_helmet":1,"minecraft:spruce_sapling":1,"beachparty:seashell":1,"minecraft:stone_axe":66,"ecologics:flowering_azalea_planks":2,"minecraft:purple_bed":3,"travelersbackpack:standard":8,"minecraft:cobblestone":56,"minecraft:andesite":16,"minecraft:bucket":27,"minecraft:experience_bottle":4},"minecraft:custom":{"minecraft:interact_with_smithing_table":1,"minecraft:mob_kills":104,"minecraft:interact_with_crafting_table":32,"minecraft:open_barrel":4,"minecraft:bell_ring":3,"minecraft:leave_game":3,"minecraft:time_since_death":248948,"minecraft:climb_one_cm":8190,"minecraft:sprint_one_cm":575353,"minecraft:walk_one_cm":363582,"minecraft:damage_blocked_by_shield":770,"minecraft:drop":84,"minecraft:talked_to_villager":28,"minecraft:play_time":248948,"minecraft:sneak_time":23482,"minecraft:walk_under_water_one_cm":14914,"minecraft:jump":3554,"minecraft:walk_on_water_one_cm":26312,"minecraft:total_world_time":248948,"minecraft:interact_with_furnace":93,"minecraft:interact_with_cartography_table":2,"minecraft:sleep_in_bed":13,"minecraft:time_since_rest":4085,"minecraft:damage_taken":2509,"minecraft:damage_dealt":15878,"minecraft:swim_one_cm":37814,"minecraft:fly_one_cm":727304,"minecraft:open_chest":105,"minecraft:crouch_one_cm":63401,"minecraft:interact_with_smoker":2,"minecraft:fall_one_cm":99194},"minecraft:killed":{"naturalist:rattlesnake":1,"minecraft:cave_spider":4,"minecraft:spider":6,"naturalist:coral_snake":1,"naturalist:boar":1,"minecraft:horse":3,"minecraft:skeleton":20,"naturalist:snail":3,"minecraft:pig":3,"minecraft:zombie_villager":2,"minecraft:salmon":9,"minecraft:squid":1,"minecraft:sheep":8,"minecraft:zombie":30,"ecologics:penguin":1,"minecraft:villager":1,"minecraft:enderman":2,"minecraft:cow":4},"minecraft:dropped":{"minecraft:iron_ingot":49,"minecraft:bread":77,"minecraft:candle":8,"minecraft:golden_helmet":8,"minecraft:cooked_beef":6,"minecraft:cobblestone":7,"minecraft:book":59,"ecologics:flowering_azalea_planks":4,"minecraft:saddle":1,"minecraft:leather_helmet":1,"minecraft:flint":2,"minecraft:emerald":6,"minecraft:dirt":30,"candlelight:tomato":1,"minecraft:map":3,"minecraft:gold_nugget":21,"minecraft:amethyst_shard":4,"minecraft:iron_pickaxe":2,"minecraft:paper":2,"immersive_weathering:permafrost":10,"minecraft:string":16,"minecraft:bone":1,"minecraft:gold_ingot":6,"minecraft:armor_stand":4,"minecraft:stone_axe":1,"minecraft:iron_nugget":4,"minecraft:soul_lantern":2,"minecraft:rotten_flesh":2,"minecraft:smoker":1,"minecraft:leather_chestplate":1,"minecraft:shield":1,"minecraft:spruce_planks":2,"minecraft:spruce_trapdoor":3,"minecraft:bundle":1,"minecraft:andesite":8,"minecraft:leather_boots":2,"minecraft:golden_leggings":7,"minecraft:leather_leggings":1,"minecraft:spider_eye":1,"minecraft:arrow":2,"minecraft:stone_pickaxe":1,"minecraft:cooked_rabbit":1},"minecraft:picked_up":{"minecraft:crafting_table":12,"minecraft:flower_pot":1,"minecraft:leather_leggings":3,"minecraft:string":35,"minecraft:red_bed":3,"minecraft:raw_copper":68,"minecraft:armor_stand":10,"minecraft:experience_bottle":4,"beachparty:seashell":1,"minecraft:candle":16,"minecraft:gold_nugget":30,"minecraft:cobbled_deepslate":65,"minecraft:spruce_planks":7,"minecraft:iron_nugget":17,"minecraft:iron_pickaxe":1,"minecraft:light_gray_wool":2,"minecraft:coal_block":16,"minecraft:sugar_cane":32,"minecraft:chest":6,"minecraft:spruce_trapdoor":6,"minecraft:furnace":25,"minecraft:golden_helmet":8,"minecraft:beehive":3,"minecraft:stick":1,"minecraft:raw_iron":307,"ecologics:flowering_azalea_planks":2,"minecraft:acacia_fence":1,"minecraft:torch":3,"minecraft:acacia_log":7,"minecraft:stone_button":1,"minecraft:carrot":22,"minecraft:redstone":67,"immersive_weathering:permafrost":34,"minecraft:stone_pressure_plate":5,"minecraft:arrow":22,"minecraft:rotten_flesh":26,"minecraft:hay_block":73,"minecraft:iron_block":1,"minecraft:saddle":1,"minecraft:gold_ingot":6,"minecraft:snowball":26,"minecraft:white_wool":6,"minecraft:cobblestone":102,"ecologics:flowering_azalea_log":1,"minecraft:cooked_beef":6,"minecraft:dark_oak_button":3,"minecraft:glow_ink_sac":10,"minecraft:andesite":24,"minecraft:salmon":9,"minecraft:leather":12,"minecraft:golden_leggings":7,"minecraft:smoker":2,"minecraft:flint":2,"minecraft:tuff":8,"minecraft:oak_log":16,"minecraft:lapis_lazuli":181,"minecraft:map":3,"minecraft:dirt":56,"minecraft:paper":4,"minecraft:lantern":7,"minecraft:leather_boots":2,"minecraft:cooked_mutton":12,"minecraft:bone":34,"minecraft:bow":1,"minecraft:wheat_seeds":10,"minecraft:raw_gold":29,"minecraft:iron_ingot":77,"candlelight:tomato":1,"minecraft:acacia_sapling":1,"minecraft:iron_sword":1,"immersive_weathering:tallow":6,"minecraft:book":286,"minecraft:cooked_porkchop":11,"minecraft:sweet_berries":9,"minecraft:dandelion":1,"minecraft:gravel":21,"minecraft:sand":185,"minecraft:amethyst_shard":8,"minecraft:spruce_sapling":1,"minecraft:ink_sac":1,"minecraft:white_bed":1,"minecraft:spruce_log":5,"minecraft:spider_eye":5,"naturalist:duck_egg":2,"minecraft:leather_helmet":2,"minecraft:bundle":1,"minecraft:diamond":35,"minecraft:purple_bed":3,"minecraft:slime_ball":1,"minecraft:soul_lantern":2,"minecraft:granite":9,"minecraft:bread":38,"minecraft:emerald":2,"minecraft:stripped_dark_oak_log":8,"minecraft:coal":349},"minecraft:crafted":{"minecraft:oak_planks":24,"minecraft:furnace":2,"minecraft:flint_and_steel":1,"minecraft:glass":178,"ecologics:flowering_azalea_planks":4,"travelersbackpack:white_sleeping_bag":1,"minecraft:iron_axe":2,"minecraft:iron_hoe":1,"minecraft:stone_pickaxe":1,"minecraft:chest":1,"minecraft:dark_oak_planks":32,"minecraft:cooked_rabbit":1,"minecraft:wheat":656,"minecraft:crafting_table":4,"minecraft:spruce_planks":20,"travelersbackpack:backpack_tank":2,"minecraft:wooden_pickaxe":1,"travelersbackpack:standard":1,"minecraft:cooked_salmon":7,"minecraft:bucket":2,"minecraft:stone_axe":1,"minecraft:bread":231,"minecraft:air":0,"minecraft:iron_chestplate":1,"minecraft:shield":2,"minecraft:stick":72,"minecraft:iron_ingot":38,"minecraft:iron_pickaxe":4,"minecraft:stone_sword":1,"minecraft:iron_leggings":1,"minecraft:gold_ingot":1,"minecraft:acacia_planks":28,"minecraft:torch":36},"minecraft:mined":{"minecraft:tuff":12,"minecraft:stone_pressure_plate":4,"minecraft:white_bed":1,"minecraft:deepslate_diamond_ore":35,"minecraft:candle":2,"immersive_weathering:grassy_permafrost":17,"minecraft:spruce_trapdoor":3,"minecraft:granite":11,"minecraft:acacia_log":7,"minecraft:stone_button":1,"minecraft:grass_block":7,"minecraft:yellow_candle":2,"minecraft:coal_block":16,"minecraft:spruce_leaves":3,"minecraft:spawner":1,"ecologics:flowering_azalea_planks":2,"minecraft:large_fern":3,"minecraft:hay_block":75,"minecraft:furnace":25,"minecraft:carrots":18,"minecraft:iron_ore":172,"minecraft:cobbled_deepslate":3,"minecraft:fire":23,"immersive_weathering:charred_log":1,"minecraft:andesite":24,"minecraft:deepslate_lapis_ore":29,"minecraft:bookshelf":77,"minecraft:dirt_path":2,"minecraft:deepslate_iron_ore":43,"minecraft:lantern":1,"minecraft:packed_ice":1,"immersive_weathering:silt":1,"immersive_weathering:ivy":1,"minecraft:stone":103,"minecraft:iron_block":1,"minecraft:podzol":4,"minecraft:deepslate_redstone_ore":14,"minecraft:acacia_leaves":8,"immersive_weathering:icicle":4,"minecraft:red_bed":3,"minecraft:smoker":1,"immersive_weathering:spruce_leaf_pile":2,"minecraft:amethyst_cluster":1,"minecraft:stripped_dark_oak_log":8,"minecraft:torch":1,"minecraft:soul_lantern":1,"minecraft:crafting_table":13,"minecraft:chest":6,"immersive_weathering:soot":1,"candlelight:wild_tomatoes":1,"minecraft:copper_ore":14,"minecraft:tall_grass":8,"minecraft:cobblestone":9,"minecraft:deepslate_gold_ore":23,"minecraft:lapis_ore":1,"minecraft:sugar_cane":10,"minecraft:wall_torch":1,"minecraft:deepslate_copper_ore":5,"immersive_weathering:permafrost":52,"minecraft:purple_bed":3,"minecraft:beehive":3,"minecraft:sweet_berry_bush":1,"minecraft:spruce_log":5,"minecraft:yellow_bed":1,"minecraft:grass":27,"minecraft:oak_log":16,"minecraft:coal_ore":142,"ecologics:flowering_azalea_log":1,"minecraft:gravel":24,"minecraft:sand":186,"minecraft:dirt":30,"minecraft:cobweb":11,"minecraft:terracotta":1,"minecraft:gold_ore":6,"minecraft:deepslate":72},"minecraft:broken":{"minecraft:stone_sword":1,"minecraft:iron_sword":1,"minecraft:iron_pickaxe":2}},"DataVersion":3465}