{"stats":{"minecraft:dropped":{"minecraft:spider_eye":1,"immersive_weathering:permafrost":10,"minecraft:bone":1},"minecraft:killed":{"naturalist:snail":2,"naturalist:coral_snake":1,"minecraft:zombie":4,"ecologics:penguin":1,"minecraft:salmon":9},"minecraft:mined":{"minecraft:large_fern":1,"immersive_weathering:permafrost":4,"immersive_weathering:icicle":4,"minecraft:furnace":2,"immersive_weathering:grassy_permafrost":17,"minecraft:spruce_log":5,"minecraft:crafting_table":1,"minecraft:grass":2,"minecraft:grass_block":3,"minecraft:gravel":23,"minecraft:sand":6,"minecraft:dirt":8,"minecraft:packed_ice":1,"minecraft:spruce_leaves":3,"minecraft:stone":26,"minecraft:sugar_cane":1,"minecraft:podzol":1},"minecraft:used":{"minecraft:stone_sword":37,"minecraft:stone_pickaxe":7,"minecraft:wooden_pickaxe":26,"minecraft:cooked_salmon":7,"minecraft:spruce_sapling":1,"beachparty:seashell":1,"minecraft:rotten_flesh":2,"minecraft:sand":6,"minecraft:salmon":2,"minecraft:stone_axe":1,"minecraft:dirt":11,"immersive_weathering:permafrost":3,"minecraft:sweet_berries":4,"minecraft:crafting_table":1,"minecraft:furnace":2},"minecraft:crafted":{"minecraft:crafting_table":1,"minecraft:spruce_planks":20,"minecraft:stick":12,"minecraft:wooden_pickaxe":1,"minecraft:stone_pickaxe":1,"minecraft:stone_sword":1,"minecraft:furnace":2,"minecraft:cooked_salmon":7,"minecraft:stone_axe":1,"minecraft:air":0},"minecraft:picked_up":{"minecraft:crafting_table":1,"minecraft:stick":1,"minecraft:sweet_berries":4,"minecraft:salmon":9,"minecraft:gravel":21,"minecraft:flint":2,"minecraft:sand":6,"minecraft:spruce_sapling":1,"minecraft:spruce_log":5,"immersive_weathering:permafrost":13,"minecraft:spider_eye":1,"minecraft:dirt":26,"minecraft:string":1,"minecraft:bone":2,"beachparty:seashell":1,"minecraft:rotten_flesh":4,"minecraft:slime_ball":1,"minecraft:gold_nugget":2,"minecraft:spruce_planks":5,"minecraft:iron_nugget":4,"minecraft:sugar_cane":4,"minecraft:snowball":26,"minecraft:cobblestone":26,"minecraft:furnace":2},"minecraft:custom":{"minecraft:time_since_rest":49200,"minecraft:interact_with_furnace":7,"minecraft:sprint_one_cm":69620,"minecraft:damage_taken":435,"minecraft:walk_one_cm":16828,"minecraft:mob_kills":18,"minecraft:drop":3,"minecraft:damage_dealt":1470,"minecraft:swim_one_cm":28207,"minecraft:interact_with_crafting_table":2,"minecraft:fly_one_cm":152001,"minecraft:crouch_one_cm":11300,"minecraft:play_time":49200,"minecraft:sneak_time":3568,"minecraft:walk_under_water_one_cm":5523,"minecraft:jump":630,"minecraft:leave_game":1,"minecraft:time_since_death":49200,"minecraft:walk_on_water_one_cm":2669,"minecraft:total_world_time":49200,"minecraft:fall_one_cm":15410}},"DataVersion":3465}