{"stats":{"minecraft:used":{"minecraft:stone_sword":145,"minecraft:iron_shovel":1,"minecraft:flint_and_steel":23,"minecraft:redstone":1,"minecraft:chest":3,"minecraft:cooked_salmon":7,"minecraft:rotten_flesh":5,"minecraft:dirt":24,"minecraft:iron_hoe":82,"minecraft:lantern":3,"minecraft:iron_axe":62,"minecraft:iron_boots":1,"immersive_weathering:permafrost":3,"minecraft:sweet_berries":9,"minecraft:furnace":13,"minecraft:stone_pressure_plate":5,"minecraft:water_bucket":6,"minecraft:leather_leggings":1,"minecraft:bundle":1,"minecraft:stone_pickaxe":128,"minecraft:leather_chestplate":1,"minecraft:wooden_pickaxe":26,"minecraft:sugar_cane":6,"minecraft:leather_boots":4,"naturalist:duck_egg":2,"minecraft:salmon":2,"minecraft:sand":6,"minecraft:crafting_table":9,"minecraft:red_bed":3,"minecraft:white_bed":1,"minecraft:apple":13,"minecraft:iron_pickaxe":5,"minecraft:bread":16,"minecraft:leather_helmet":1,"beachparty:seashell":1,"minecraft:spruce_sapling":1,"minecraft:stone_axe":66,"ecologics:flowering_azalea_planks":2,"minecraft:cobblestone":2,"minecraft:purple_bed":3,"minecraft:bucket":8,"minecraft:experience_bottle":2},"minecraft:custom":{"minecraft:interact_with_smithing_table":1,"minecraft:mob_kills":49,"minecraft:interact_with_crafting_table":16,"minecraft:open_barrel":4,"minecraft:bell_ring":1,"minecraft:leave_game":2,"minecraft:time_since_death":135048,"minecraft:climb_one_cm":6561,"minecraft:sprint_one_cm":348150,"minecraft:walk_one_cm":229655,"minecraft:drop":52,"minecraft:talked_to_villager":20,"minecraft:play_time":135048,"minecraft:sneak_time":9033,"minecraft:walk_under_water_one_cm":9683,"minecraft:jump":1926,"minecraft:walk_on_water_one_cm":9064,"minecraft:total_world_time":135048,"minecraft:interact_with_furnace":29,"minecraft:interact_with_cartography_table":2,"minecraft:sleep_in_bed":5,"minecraft:time_since_rest":11330,"minecraft:damage_taken":1120,"minecraft:damage_dealt":4903,"minecraft:swim_one_cm":28684,"minecraft:fly_one_cm":422199,"minecraft:open_chest":58,"minecraft:crouch_one_cm":29703,"minecraft:interact_with_smoker":1,"minecraft:fall_one_cm":61235},"minecraft:killed":{"naturalist:boar":1,"naturalist:coral_snake":1,"naturalist:snail":3,"minecraft:skeleton":3,"minecraft:horse":3,"minecraft:pig":3,"minecraft:salmon":9,"minecraft:squid":1,"minecraft:sheep":8,"minecraft:zombie":9,"ecologics:penguin":1,"minecraft:cow":4},"minecraft:dropped":{"minecraft:iron_ingot":31,"minecraft:candle":8,"minecraft:golden_helmet":8,"minecraft:cooked_beef":6,"ecologics:flowering_azalea_planks":4,"minecraft:book":59,"minecraft:saddle":1,"minecraft:emerald":2,"minecraft:flint":2,"minecraft:dirt":30,"candlelight:tomato":1,"minecraft:map":3,"minecraft:gold_nugget":21,"minecraft:amethyst_shard":4,"minecraft:paper":2,"immersive_weathering:permafrost":10,"minecraft:gold_ingot":4,"minecraft:armor_stand":4,"minecraft:bone":1,"minecraft:stone_axe":1,"minecraft:iron_nugget":4,"minecraft:soul_lantern":2,"minecraft:rotten_flesh":2,"minecraft:smoker":1,"minecraft:spruce_trapdoor":3,"minecraft:spruce_planks":2,"minecraft:bundle":1,"minecraft:golden_leggings":7,"minecraft:leather_boots":2,"minecraft:spider_eye":1,"minecraft:stone_pickaxe":1},"minecraft:picked_up":{"minecraft:crafting_table":9,"minecraft:flower_pot":1,"minecraft:leather_leggings":3,"minecraft:string":1,"minecraft:red_bed":3,"minecraft:armor_stand":10,"minecraft:experience_bottle":2,"beachparty:seashell":1,"minecraft:gold_nugget":30,"minecraft:candle":16,"minecraft:spruce_planks":7,"minecraft:iron_nugget":17,"minecraft:iron_pickaxe":1,"minecraft:light_gray_wool":2,"minecraft:coal_block":11,"minecraft:sugar_cane":32,"minecraft:chest":5,"minecraft:beehive":3,"minecraft:spruce_trapdoor":6,"minecraft:golden_helmet":8,"minecraft:furnace":13,"minecraft:stick":1,"minecraft:raw_iron":14,"ecologics:flowering_azalea_planks":2,"minecraft:carrot":22,"minecraft:redstone":1,"immersive_weathering:permafrost":34,"minecraft:stone_pressure_plate":5,"minecraft:arrow":2,"minecraft:rotten_flesh":7,"minecraft:hay_block":73,"minecraft:iron_block":1,"minecraft:saddle":1,"minecraft:gold_ingot":4,"minecraft:cobblestone":36,"minecraft:snowball":26,"minecraft:white_wool":6,"ecologics:flowering_azalea_log":1,"minecraft:dark_oak_button":3,"minecraft:cooked_beef":6,"minecraft:salmon":9,"minecraft:leather":12,"minecraft:golden_leggings":7,"minecraft:smoker":2,"minecraft:flint":2,"minecraft:lantern":6,"minecraft:map":3,"minecraft:dirt":54,"minecraft:paper":4,"minecraft:leather_boots":2,"minecraft:cooked_mutton":12,"minecraft:bone":16,"minecraft:iron_ingot":32,"candlelight:tomato":1,"minecraft:acacia_sapling":1,"minecraft:iron_sword":1,"immersive_weathering:tallow":6,"minecraft:book":286,"minecraft:cooked_porkchop":11,"minecraft:sweet_berries":9,"minecraft:dandelion":1,"minecraft:gravel":21,"minecraft:sand":11,"minecraft:amethyst_shard":8,"minecraft:spruce_sapling":1,"minecraft:ink_sac":1,"minecraft:white_bed":1,"minecraft:spruce_log":5,"minecraft:spider_eye":1,"naturalist:duck_egg":2,"minecraft:leather_helmet":2,"minecraft:bundle":1,"minecraft:purple_bed":3,"minecraft:slime_ball":1,"minecraft:soul_lantern":2,"minecraft:emerald":2,"minecraft:stripped_dark_oak_log":8,"minecraft:coal":82},"minecraft:crafted":{"minecraft:furnace":2,"minecraft:flint_and_steel":1,"minecraft:glass":5,"ecologics:flowering_azalea_planks":4,"minecraft:iron_axe":1,"minecraft:iron_hoe":1,"minecraft:stone_pickaxe":1,"minecraft:wheat":108,"minecraft:crafting_table":1,"minecraft:spruce_planks":20,"minecraft:wooden_pickaxe":1,"minecraft:cooked_salmon":7,"minecraft:bucket":2,"minecraft:stone_axe":1,"minecraft:bread":36,"minecraft:air":0,"minecraft:iron_pickaxe":1,"minecraft:stick":16,"minecraft:iron_ingot":24,"minecraft:stone_sword":1,"minecraft:gold_ingot":1},"minecraft:mined":{"minecraft:stone_pressure_plate":4,"minecraft:white_bed":1,"minecraft:candle":2,"immersive_weathering:grassy_permafrost":17,"minecraft:spruce_trapdoor":3,"minecraft:grass_block":6,"minecraft:yellow_candle":2,"minecraft:coal_block":11,"minecraft:spruce_leaves":3,"ecologics:flowering_azalea_planks":2,"minecraft:large_fern":3,"minecraft:hay_block":75,"minecraft:furnace":13,"minecraft:carrots":18,"minecraft:iron_ore":14,"minecraft:fire":23,"immersive_weathering:charred_log":1,"minecraft:bookshelf":77,"minecraft:lantern":1,"minecraft:packed_ice":1,"minecraft:stone":30,"minecraft:iron_block":1,"minecraft:podzol":4,"immersive_weathering:icicle":4,"minecraft:red_bed":3,"minecraft:smoker":1,"immersive_weathering:spruce_leaf_pile":2,"minecraft:stripped_dark_oak_log":8,"minecraft:amethyst_cluster":1,"minecraft:soul_lantern":1,"minecraft:crafting_table":9,"immersive_weathering:soot":1,"minecraft:chest":5,"candlelight:wild_tomatoes":1,"minecraft:tall_grass":5,"minecraft:cobblestone":9,"minecraft:sugar_cane":10,"immersive_weathering:permafrost":52,"minecraft:purple_bed":3,"minecraft:beehive":3,"minecraft:sweet_berry_bush":1,"minecraft:spruce_log":5,"minecraft:yellow_bed":1,"minecraft:grass":16,"minecraft:coal_ore":35,"ecologics:flowering_azalea_log":1,"minecraft:dirt":30,"minecraft:sand":11,"minecraft:gravel":24,"minecraft:terracotta":1},"minecraft:broken":{"minecraft:stone_sword":1}},"DataVersion":3465}