{"stats":{"minecraft:used":{"minecraft:water_bucket":3,"minecraft:stone_sword":48,"minecraft:stone_pickaxe":81,"minecraft:wooden_pickaxe":26,"minecraft:leather_boots":1,"minecraft:cooked_salmon":7,"minecraft:rotten_flesh":5,"minecraft:salmon":2,"minecraft:dirt":22,"minecraft:sand":6,"minecraft:crafting_table":3,"minecraft:apple":6,"minecraft:bread":1,"minecraft:spruce_sapling":1,"beachparty:seashell":1,"minecraft:stone_axe":20,"ecologics:flowering_azalea_planks":2,"immersive_weathering:permafrost":3,"minecraft:sweet_berries":9,"minecraft:furnace":3,"minecraft:bucket":4},"minecraft:custom":{"minecraft:interact_with_furnace":15,"minecraft:mob_kills":20,"minecraft:interact_with_cartography_table":2,"minecraft:interact_with_crafting_table":4,"minecraft:open_barrel":2,"minecraft:leave_game":2,"minecraft:time_since_death":81048,"minecraft:sleep_in_bed":1,"minecraft:climb_one_cm":3841,"minecraft:time_since_rest":5142,"minecraft:sprint_one_cm":127132,"minecraft:damage_taken":690,"minecraft:walk_one_cm":82152,"minecraft:drop":9,"minecraft:damage_dealt":1882,"minecraft:swim_one_cm":28207,"minecraft:talked_to_villager":4,"minecraft:fly_one_cm":208389,"minecraft:open_chest":11,"minecraft:crouch_one_cm":19706,"minecraft:play_time":81048,"minecraft:sneak_time":6344,"minecraft:walk_under_water_one_cm":8149,"minecraft:jump":962,"minecraft:walk_on_water_one_cm":6833,"minecraft:total_world_time":81048,"minecraft:fall_one_cm":30198},"minecraft:killed":{"minecraft:salmon":9,"naturalist:snail":2,"minecraft:skeleton":1,"naturalist:coral_snake":1,"minecraft:zombie":5,"ecologics:penguin":1},"minecraft:dropped":{"minecraft:cooked_beef":6,"minecraft:book":15,"ecologics:flowering_azalea_planks":4,"minecraft:spruce_planks":2,"minecraft:map":3,"minecraft:spider_eye":1,"minecraft:paper":2,"immersive_weathering:permafrost":10,"minecraft:bone":1},"minecraft:picked_up":{"ecologics:flowering_azalea_log":1,"minecraft:crafting_table":3,"minecraft:salmon":9,"minecraft:flint":2,"minecraft:paper":4,"minecraft:map":3,"minecraft:dirt":52,"minecraft:string":1,"minecraft:bone":14,"beachparty:seashell":1,"minecraft:candle":8,"minecraft:gold_nugget":10,"minecraft:spruce_planks":7,"minecraft:iron_ingot":1,"minecraft:iron_nugget":13,"minecraft:sugar_cane":4,"minecraft:chest":1,"minecraft:book":30,"minecraft:furnace":5,"minecraft:raw_iron":4,"minecraft:stick":1,"ecologics:flowering_azalea_planks":2,"minecraft:sweet_berries":9,"minecraft:gravel":21,"minecraft:sand":6,"minecraft:amethyst_shard":4,"minecraft:spruce_sapling":1,"minecraft:spruce_log":5,"immersive_weathering:permafrost":34,"minecraft:spider_eye":1,"minecraft:arrow":2,"minecraft:rotten_flesh":5,"minecraft:slime_ball":1,"minecraft:soul_lantern":1,"minecraft:hay_block":12,"minecraft:stripped_dark_oak_log":8,"minecraft:coal":49,"minecraft:snowball":26,"minecraft:cobblestone":34},"minecraft:crafted":{"minecraft:crafting_table":1,"minecraft:spruce_planks":20,"minecraft:wooden_pickaxe":1,"minecraft:furnace":2,"minecraft:cooked_salmon":7,"minecraft:bucket":1,"minecraft:stone_axe":1,"minecraft:air":0,"minecraft:flint_and_steel":1,"ecologics:flowering_azalea_planks":4,"minecraft:stick":12,"minecraft:iron_ingot":4,"minecraft:stone_pickaxe":1,"minecraft:stone_sword":1},"minecraft:mined":{"minecraft:podzol":4,"immersive_weathering:icicle":4,"minecraft:candle":2,"immersive_weathering:grassy_permafrost":17,"immersive_weathering:spruce_leaf_pile":2,"minecraft:amethyst_cluster":1,"minecraft:stripped_dark_oak_log":8,"minecraft:soul_lantern":1,"minecraft:crafting_table":3,"minecraft:grass_block":4,"immersive_weathering:soot":1,"minecraft:chest":1,"minecraft:cobblestone":9,"minecraft:spruce_leaves":3,"minecraft:sugar_cane":1,"ecologics:flowering_azalea_planks":2,"minecraft:hay_block":12,"minecraft:large_fern":1,"immersive_weathering:permafrost":52,"minecraft:furnace":5,"minecraft:iron_ore":4,"minecraft:sweet_berry_bush":1,"minecraft:spruce_log":5,"minecraft:yellow_bed":1,"minecraft:grass":2,"minecraft:bookshelf":5,"minecraft:coal_ore":25,"ecologics:flowering_azalea_log":1,"minecraft:gravel":24,"minecraft:sand":6,"minecraft:dirt":30,"minecraft:packed_ice":1,"minecraft:stone":28}},"DataVersion":3465}