{"stats":{"minecraft:mined":{"minecraft:furnace":1,"minecraft:spruce_log":5,"minecraft:crafting_table":1,"minecraft:grass":2,"minecraft:grass_block":1,"minecraft:dirt":4,"minecraft:spruce_leaves":3,"minecraft:stone":26},"minecraft:custom":{"minecraft:time_since_rest":14900,"minecraft:interact_with_furnace":6,"minecraft:sprint_one_cm":14638,"minecraft:damage_taken":75,"minecraft:walk_one_cm":5763,"minecraft:mob_kills":10,"minecraft:damage_dealt":470,"minecraft:interact_with_crafting_table":2,"minecraft:swim_one_cm":27848,"minecraft:fly_one_cm":60022,"minecraft:crouch_one_cm":591,"minecraft:play_time":14900,"minecraft:sneak_time":313,"minecraft:walk_under_water_one_cm":4786,"minecraft:jump":158,"minecraft:time_since_death":14900,"minecraft:walk_on_water_one_cm":2446,"minecraft:total_world_time":14900,"minecraft:fall_one_cm":3733},"minecraft:crafted":{"minecraft:crafting_table":1,"minecraft:spruce_planks":20,"minecraft:stick":12,"minecraft:wooden_pickaxe":1,"minecraft:stone_pickaxe":1,"minecraft:stone_sword":1,"minecraft:furnace":2,"minecraft:cooked_salmon":5,"minecraft:stone_axe":1,"minecraft:air":0},"minecraft:picked_up":{"minecraft:stick":1,"minecraft:crafting_table":1,"minecraft:salmon":9,"minecraft:spruce_sapling":1,"minecraft:spruce_log":5,"minecraft:dirt":5,"minecraft:rotten_flesh":1,"minecraft:spruce_planks":3,"minecraft:cobblestone":26,"minecraft:furnace":1},"minecraft:killed":{"minecraft:zombie":1,"minecraft:salmon":9},"minecraft:used":{"minecraft:stone_sword":14,"minecraft:stone_pickaxe":1,"minecraft:wooden_pickaxe":26,"minecraft:cooked_salmon":1,"minecraft:spruce_sapling":1,"minecraft:rotten_flesh":1,"minecraft:stone_axe":1,"minecraft:salmon":2,"minecraft:dirt":5,"minecraft:crafting_table":1,"minecraft:furnace":2}},"DataVersion":3465}